"","text","favorited","favoriteCount","replyToSN","created","truncated","replyToSID","id","replyToUID","statusSource","screenName","retweetCount","isRetweet","retweeted","longitude","latitude"
"1","RT @bambkb: üö®üö®üö®Holy fuck - ‚Äúthe Canadian army has lost 3000 - 5000 members after the #Covid #Vaccine and they are frankly out of business‚Äùüò±‚Ä¶",FALSE,0,NA,2023-04-27 06:16:08,FALSE,NA,"1651470264058761216",NA,"<a href=""http://twitter.com/download/iphone"" rel=""nofollow"">Twitter for iPhone</a>","Summermama5",266,TRUE,FALSE,NA,NA
"2","RT @Jim_Jordan: Fauci wasn‚Äôt honest about #COVID. 

And Biden‚Äôs ATF director wants to take your guns. 

Americans are tired of unelected ‚Äúe‚Ä¶",FALSE,0,NA,2023-04-27 06:14:27,FALSE,NA,"1651469840920752128",NA,"<a href=""http://twitter.com/download/iphone"" rel=""nofollow"">Twitter for iPhone</a>","KevinGa99694578",1691,TRUE,FALSE,NA,NA
"3","‚ÄúKids with multisystem inflammatory syndrome #MISC - a condition linked w the virus that causes #COVID19 - have bio‚Ä¶ https://t.co/wXiEjTz67T",FALSE,1,NA,2023-04-27 06:14:05,TRUE,NA,"1651469749790859266",NA,"<a href=""http://twitter.com/download/iphone"" rel=""nofollow"">Twitter for iPhone</a>","LongCovidKids",0,FALSE,FALSE,NA,NA
"4","RT @faradoost: I received the @ihs_official short stay #scholarship before #COVID but had to wait till now.
Today I am in the Danish #Heada‚Ä¶",FALSE,0,NA,2023-04-27 06:12:20,FALSE,NA,"1651469308734894080",NA,"<a href=""https://mobile.twitter.com"" rel=""nofollow"">Twitter Web App</a>","faradoost",2,TRUE,FALSE,NA,NA
"5","RT @ellymelly: I notice that ZERO MSM and government-funded broadcasting entities have apologised for spreading wall-to-wall fake news and‚Ä¶",FALSE,0,NA,2023-04-27 06:11:49,FALSE,NA,"1651469179462070272",NA,"<a href=""https://mobile.twitter.com"" rel=""nofollow"">Twitter Web App</a>","Myke_Oxmaul_",59,TRUE,FALSE,NA,NA
"6","RT @pippa_matt: Barriers and failures ‚Å¶in the road to #hepatitis #elimination: advocacy and education needed to achieve targets for 2025 an‚Ä¶",FALSE,0,NA,2023-04-27 06:11:43,FALSE,NA,"1651469153360904192",NA,"<a href=""https://mobile.twitter.com"" rel=""nofollow"">Twitter Web App</a>","RaqPeck",6,TRUE,FALSE,NA,NA
"7","The Christian is an associate of the Godkind; he‚Äôs not meant to be sick or carrier of #covid or injected with the‚Ä¶ https://t.co/DnoMtkV6yH",FALSE,1,NA,2023-04-27 06:11:38,TRUE,NA,"1651469130057371648",NA,"<a href=""http://twitter.com/download/android"" rel=""nofollow"">Twitter for Android</a>","AmAlive2God",0,FALSE,FALSE,NA,NA
"8","RT @EATegrity_Sonia: ‚ÄúYou are all cowards, every single one of you‚Äù says man in crowd to group of editors of U.S. media ~ all true and we h‚Ä¶",FALSE,0,NA,2023-04-27 06:11:14,FALSE,NA,"1651469029930852353",NA,"<a href=""http://twitter.com/download/iphone"" rel=""nofollow"">Twitter for iPhone</a>","roy_plath",3,TRUE,FALSE,NA,NA
"9","RT @Jim_Jordan: Fauci wasn‚Äôt honest about #COVID. 

And Biden‚Äôs ATF director wants to take your guns. 

Americans are tired of unelected ‚Äúe‚Ä¶",FALSE,0,NA,2023-04-27 06:11:07,FALSE,NA,"1651469002344890369",NA,"<a href=""http://twitter.com/download/iphone"" rel=""nofollow"">Twitter for iPhone</a>","kramm_elizabeth",1691,TRUE,FALSE,NA,NA
"10","RT @DavidQuammen: Grrazie mille, Giulia &amp; @adelphiedizioni. Yes, this #Covid pandemic is still not over, and yet we must contemplate &amp; brac‚Ä¶",FALSE,0,NA,2023-04-27 06:10:24,FALSE,NA,"1651468820769284097",NA,"<a href=""http://twitter.com/download/iphone"" rel=""nofollow"">Twitter for iPhone</a>","la_kuzzo",12,TRUE,FALSE,NA,NA
"11","‚ÄúEarly in the pandemic, scientists began testing an old #TB vaccine against the coronavirus. But the trial enrolled‚Ä¶ https://t.co/ETyshMZOyw",FALSE,0,NA,2023-04-27 06:10:14,TRUE,NA,"1651468777756807169",NA,"<a href=""http://twitter.com/download/iphone"" rel=""nofollow"">Twitter for iPhone</a>","ehwoza",0,FALSE,FALSE,NA,NA
"12","RT @AmAlive2God: Make una listin, I don give una pawa to waka on-top snake and skorpion and to ovakom all di enemy pawa and the so called #‚Ä¶",FALSE,0,NA,2023-04-27 06:09:26,FALSE,NA,"1651468576568532995",NA,"<a href=""http://twitter.com/download/android"" rel=""nofollow"">Twitter for Android</a>","Oscardelaranto",1,TRUE,FALSE,NA,NA
"13","Make una listin, I don give una pawa to waka on-top snake and skorpion and to ovakom all di enemy pawa and the so c‚Ä¶ https://t.co/iKdL8k1cAp",FALSE,2,NA,2023-04-27 06:09:10,TRUE,NA,"1651468513033289729",NA,"<a href=""http://twitter.com/download/android"" rel=""nofollow"">Twitter for Android</a>","AmAlive2God",1,FALSE,FALSE,NA,NA
"14","Association between Bioactive adrenomedullin and #ARDS could lead to improved accuracy ‚ûï  new therapeutic strategie‚Ä¶ https://t.co/0HXoRaKbFq",FALSE,0,NA,2023-04-27 06:09:00,TRUE,NA,"1651468467827273729",NA,"<a href=""https://mobile.twitter.com"" rel=""nofollow"">Twitter Web App</a>","ICMexperimental",0,FALSE,FALSE,NA,NA
"15","RT @Jim_Jordan: Fauci wasn‚Äôt honest about #COVID. 

And Biden‚Äôs ATF director wants to take your guns. 

Americans are tired of unelected ‚Äúe‚Ä¶",FALSE,0,NA,2023-04-27 06:08:55,FALSE,NA,"1651468448571207680",NA,"<a href=""https://mobile.twitter.com"" rel=""nofollow"">Twitter Web App</a>","Richard80024379",1691,TRUE,FALSE,NA,NA
"16","RT @ellymelly: I notice that ZERO MSM and government-funded broadcasting entities have apologised for spreading wall-to-wall fake news and‚Ä¶",FALSE,0,NA,2023-04-27 06:08:53,FALSE,NA,"1651468441340239872",NA,"<a href=""http://twitter.com/download/iphone"" rel=""nofollow"">Twitter for iPhone</a>","DannyQ03738735",59,TRUE,FALSE,NA,NA
"17","RT @SpectatorOz: 'Is this the way the #Covid vaccines end?' asks Rebecca Weisser.

This week, his brother Phil was one of over 500 people w‚Ä¶",FALSE,0,NA,2023-04-27 06:08:50,FALSE,NA,"1651468426324627456",NA,"<a href=""https://mobile.twitter.com"" rel=""nofollow"">Twitter Web App</a>","jilel76",11,TRUE,FALSE,NA,NA
"18","RT @ExeterMed: A world-leading international trial into the immune boosting benefits of a tuberculosis vaccine has found it does not protec‚Ä¶",FALSE,0,NA,2023-04-27 06:08:09,FALSE,NA,"1651468256085962752",NA,"<a href=""http://twitter.com/download/android"" rel=""nofollow"">Twitter for Android</a>","Adilia76645023",1,TRUE,FALSE,NA,NA
"19","RT @ellymelly: I notice that ZERO MSM and government-funded broadcasting entities have apologised for spreading wall-to-wall fake news and‚Ä¶",FALSE,0,NA,2023-04-27 06:07:44,FALSE,NA,"1651468148837679105",NA,"<a href=""http://twitter.com/download/iphone"" rel=""nofollow"">Twitter for iPhone</a>","jabattoir13",59,TRUE,FALSE,NA,NA
"20","RT @Jim_Jordan: Fauci wasn‚Äôt honest about #COVID. 

And Biden‚Äôs ATF director wants to take your guns. 

Americans are tired of unelected ‚Äúe‚Ä¶",FALSE,0,NA,2023-04-27 06:07:40,FALSE,NA,"1651468133012586497",NA,"<a href=""http://twitter.com/download/iphone"" rel=""nofollow"">Twitter for iPhone</a>","floridahottubs",1691,TRUE,FALSE,NA,NA
"21","RT @GopiSpeaks: As #Delhi gasped during #Covid; #Kejriwal spent ‚Çπ45 cr on #SheeshMahal! 

Curtains ‚Çπ1Cr
kitchen ‚Çπ63L
Almaris ‚Çπ43L
Vietnam m‚Ä¶",FALSE,0,NA,2023-04-27 06:07:18,FALSE,NA,"1651468040092155905",NA,"<a href=""https://mobile.twitter.com"" rel=""nofollow"">Twitter Web App</a>","SADHUSHARANSAH4",13,TRUE,FALSE,NA,NA
"22","RT @SpectatorOz: 'Is this the way the #Covid vaccines end?' asks Rebecca Weisser.

This week, his brother Phil was one of over 500 people w‚Ä¶",FALSE,0,NA,2023-04-27 06:06:26,FALSE,NA,"1651467822453882880",NA,"<a href=""https://mobile.twitter.com"" rel=""nofollow"">Twitter Web App</a>","Maranocean",11,TRUE,FALSE,NA,NA
"23","Good Morning To All...

#trendingpost #fit #fiitformacion #developer #Kelambakkam #chennai #TamilnaduNews #viral‚Ä¶ https://t.co/8zgiET2HZa",FALSE,0,NA,2023-04-27 06:06:11,TRUE,NA,"1651467760977973248",NA,"<a href=""https://mobile.twitter.com"" rel=""nofollow"">Twitter Web App</a>","Kavitha_mokshi",0,FALSE,FALSE,NA,NA
"24","RT @bambkb: üö®üö®üö® üá∫üá∏ USA DMED database shows DISTURBING increases in morbidity after #Covid #Vaccine uptake :

Myocarditis 2800%

Various can‚Ä¶",FALSE,0,NA,2023-04-27 06:05:38,FALSE,NA,"1651467620464435203",NA,"<a href=""http://twitter.com/download/iphone"" rel=""nofollow"">Twitter for iPhone</a>","CaligirlLeftie",184,TRUE,FALSE,NA,NA
"25","RT @ellymelly: I notice that ZERO MSM and government-funded broadcasting entities have apologised for spreading wall-to-wall fake news and‚Ä¶",FALSE,0,NA,2023-04-27 06:05:21,FALSE,NA,"1651467552160387080",NA,"<a href=""http://twitter.com/download/android"" rel=""nofollow"">Twitter for Android</a>","DEA70441610",59,TRUE,FALSE,NA,NA
"26","RT @iamguidodavid: NCR 7-day positivity rate up to 11.4% (from 7.5% a week ago). I have a friend from NCR who informed me they got Covid wi‚Ä¶",FALSE,0,NA,2023-04-27 06:05:15,FALSE,NA,"1651467525199364096",NA,"<a href=""http://twitter.com/download/android"" rel=""nofollow"">Twitter for Android</a>","Fraypanz",39,TRUE,FALSE,NA,NA
"27","#India logs 9,355 fresh #covid infections; active cases dip to 57,410 https://t.co/4mTwYjURQI",FALSE,0,NA,2023-04-27 06:05:06,FALSE,NA,"1651467486972493824",NA,"<a href=""http://twitter.com/download/android"" rel=""nofollow"">Twitter for Android</a>","thetribunechd",0,FALSE,FALSE,NA,NA
"28","RT @litecoin_bull: LCB has friends In Australia.

Where Are Our Haters Who Laughed At Us. People Dying.

Australian Senator admits Covid wa‚Ä¶",FALSE,0,NA,2023-04-27 06:04:40,FALSE,NA,"1651467378650128386",NA,"<a href=""http://twitter.com/download/android"" rel=""nofollow"">Twitter for Android</a>","HappyWar2000",137,TRUE,FALSE,NA,NA
"29","RT @PenGwenWithLC: I went through the Ballotpedia list of possible replacements for Biden because I can't support someone willing to discar‚Ä¶",FALSE,0,NA,2023-04-27 06:04:27,FALSE,NA,"1651467322081832960",NA,"<a href=""http://twitter.com/download/android"" rel=""nofollow"">Twitter for Android</a>","PenGwenWithLC",5,TRUE,FALSE,NA,NA
"30","RT @litecoin_bull: LCB has friends In Australia.

Where Are Our Haters Who Laughed At Us. People Dying.

Australian Senator admits Covid wa‚Ä¶",FALSE,0,NA,2023-04-27 06:04:09,FALSE,NA,"1651467249201582083",NA,"<a href=""http://twitter.com/download/iphone"" rel=""nofollow"">Twitter for iPhone</a>","JulieHe77448986",137,TRUE,FALSE,NA,NA
"31","RT @BurnetInstitute: New #COVID-19 subvariant #Arcturus on the rise in Australia. @profmiketoole tells @abcnews there's no evidence this st‚Ä¶",FALSE,0,NA,2023-04-27 06:04:09,FALSE,NA,"1651467248337551363",NA,"<a href=""https://mobile.twitter.com"" rel=""nofollow"">Twitter Web App</a>","Truth89821534",17,TRUE,FALSE,NA,NA
"32","RT @ellymelly: I notice that ZERO MSM and government-funded broadcasting entities have apologised for spreading wall-to-wall fake news and‚Ä¶",FALSE,0,NA,2023-04-27 06:04:00,FALSE,NA,"1651467212732129280",NA,"<a href=""https://mobile.twitter.com"" rel=""nofollow"">Twitter Web App</a>","Cynthia14720564",59,TRUE,FALSE,NA,NA
"33","RT @SpectatorOz: 'Is this the way the #Covid vaccines end?' asks Rebecca Weisser.

This week, his brother Phil was one of over 500 people w‚Ä¶",FALSE,0,NA,2023-04-27 06:03:49,FALSE,NA,"1651467162903789570",NA,"<a href=""http://twitter.com/#!/download/ipad"" rel=""nofollow"">Twitter for iPad</a>","WendyfWilson",11,TRUE,FALSE,NA,NA
"34","RT @ellymelly: I notice that ZERO MSM and government-funded broadcasting entities have apologised for spreading wall-to-wall fake news and‚Ä¶",FALSE,0,NA,2023-04-27 06:03:21,FALSE,NA,"1651467048227094528",NA,"<a href=""https://mobile.twitter.com"" rel=""nofollow"">Twitter Web App</a>","Linda40903643",59,TRUE,FALSE,NA,NA
"35","RT @ellymelly: I notice that ZERO MSM and government-funded broadcasting entities have apologised for spreading wall-to-wall fake news and‚Ä¶",FALSE,0,NA,2023-04-27 06:03:09,FALSE,NA,"1651466995538305024",NA,"<a href=""http://twitter.com/download/android"" rel=""nofollow"">Twitter for Android</a>","doesitreally23",59,TRUE,FALSE,NA,NA
"36","RT @ellymelly: I notice that ZERO MSM and government-funded broadcasting entities have apologised for spreading wall-to-wall fake news and‚Ä¶",FALSE,0,NA,2023-04-27 06:03:07,FALSE,NA,"1651466989246750721",NA,"<a href=""http://twitter.com/download/android"" rel=""nofollow"">Twitter for Android</a>","VieuxGit",59,TRUE,FALSE,NA,NA
"37","RT @Jim_Jordan: Fauci wasn‚Äôt honest about #COVID. 

And Biden‚Äôs ATF director wants to take your guns. 

Americans are tired of unelected ‚Äúe‚Ä¶",FALSE,0,NA,2023-04-27 06:02:45,FALSE,NA,"1651466898159304705",NA,"<a href=""http://twitter.com/download/iphone"" rel=""nofollow"">Twitter for iPhone</a>","rongyao2025",1691,TRUE,FALSE,NA,NA
"38","Should have read before post

Why invest in the Islands of #Brexshite with financiers happy that people are poor an‚Ä¶ https://t.co/TedHFJD3oK",FALSE,0,NA,2023-04-27 06:02:09,TRUE,NA,"1651466746287595520",NA,"<a href=""https://mobile.twitter.com"" rel=""nofollow"">Twitter Web App</a>","gellilyfdy",0,FALSE,FALSE,NA,NA
"39","RT @bambkb: üö®üö®üö® üá∫üá∏ USA DMED database shows DISTURBING increases in morbidity after #Covid #Vaccine uptake :

Myocarditis 2800%

Various can‚Ä¶",FALSE,0,NA,2023-04-27 06:02:01,FALSE,NA,"1651466712737542146",NA,"<a href=""http://twitter.com/download/iphone"" rel=""nofollow"">Twitter for iPhone</a>","trocyszyn",184,TRUE,FALSE,NA,NA
"40","[Automated]

#COVID India data. As on : 27 Apr 2023, 08:00 IST

Cases: 44,924,811(+9,355)
Active: 57,410(-3,603)
De‚Ä¶ https://t.co/cNl9xnR3n0",FALSE,0,NA,2023-04-27 06:00:20,TRUE,NA,"1651466288852774913",NA,"<a href=""https://help.twitter.com/en/using-twitter/how-to-tweet#source-labels"" rel=""nofollow"">Raj‚Äôs Automated Tweets</a>","Agrawal_Raj",0,FALSE,FALSE,NA,NA
"41","[Automated]

#COVID #Maharashtra data. As on : 27 Apr 2023, 08:00 IST

Cases: 8,163,626(+784)
Active: 5,233(-316)
D‚Ä¶ https://t.co/9Hg1NEKJaI",FALSE,0,NA,2023-04-27 06:00:19,TRUE,NA,"1651466283161104386",NA,"<a href=""https://help.twitter.com/en/using-twitter/how-to-tweet#source-labels"" rel=""nofollow"">Raj‚Äôs Automated Tweets</a>","Agrawal_Raj",0,FALSE,FALSE,NA,NA
"42","RT @Protect_BC: So is it really any surprise that hospitals, LTC and Assisted Living homes are seeing #COVID outbreaks? 
@Fraserhealth
H/T‚Ä¶",FALSE,0,NA,2023-04-27 06:00:11,FALSE,NA,"1651466250084659207",NA,"<a href=""http://twitter.com/#!/download/ipad"" rel=""nofollow"">Twitter for iPad</a>","CathyFarrow1",4,TRUE,FALSE,NA,NA
"43","Ministry of Public Health, Department of Corrections, and NHSO announce measures for equal healthcare access to pri‚Ä¶ https://t.co/QCd8QZJd1K",FALSE,0,NA,2023-04-27 06:00:01,TRUE,NA,"1651466208993214464",NA,"<a href=""https://mobile.twitter.com"" rel=""nofollow"">Twitter Web App</a>","NBTWORLDNews",0,FALSE,FALSE,NA,NA
"44","Worst he looted money when it was needed the most for saving hundreds and Thousands in Delhi fighting for their liv‚Ä¶ https://t.co/BMuQm25KlV",FALSE,0,NA,2023-04-27 05:59:54,TRUE,NA,"1651466177749872640",NA,"<a href=""http://twitter.com/download/android"" rel=""nofollow"">Twitter for Android</a>","MRRIGHT1369",0,FALSE,FALSE,NA,NA
"45","RT @ELHopkins: We are going through a very dark time due to broken Public Health messaging on #COVID. The Tories are failing to inform that‚Ä¶",FALSE,0,NA,2023-04-27 05:59:52,FALSE,NA,"1651466172288872448",NA,"<a href=""http://twitter.com/#!/download/ipad"" rel=""nofollow"">Twitter for iPad</a>","Jamiro3121",78,TRUE,FALSE,NA,NA
"46","RT @litecoin_bull: LCB has friends In Australia.

Where Are Our Haters Who Laughed At Us. People Dying.

Australian Senator admits Covid wa‚Ä¶",FALSE,0,NA,2023-04-27 05:59:30,FALSE,NA,"1651466078034468864",NA,"<a href=""https://mobile.twitter.com"" rel=""nofollow"">Twitter Web App</a>","Kabuku12",137,TRUE,FALSE,NA,NA
"47","RT @BurnetInstitute: New #COVID-19 subvariant #Arcturus on the rise in Australia. @profmiketoole tells @abcnews there's no evidence this st‚Ä¶",FALSE,0,NA,2023-04-27 05:59:20,FALSE,NA,"1651466037190344704",NA,"<a href=""http://twitter.com/download/iphone"" rel=""nofollow"">Twitter for iPhone</a>","kazza264",17,TRUE,FALSE,NA,NA
"48","RT @SpectatorOz: 'Is this the way the #Covid vaccines end?' asks Rebecca Weisser.

This week, his brother Phil was one of over 500 people w‚Ä¶",FALSE,0,NA,2023-04-27 05:57:58,FALSE,NA,"1651465693303574528",NA,"<a href=""http://twitter.com/download/iphone"" rel=""nofollow"">Twitter for iPhone</a>","GinsbergHarold",11,TRUE,FALSE,NA,NA
"49","@CEOofHMCTS @HMCTSgovuk Never mind appointing new board members...how about appointing more staff to deal with the‚Ä¶ https://t.co/MwzmSrWgAn",FALSE,0,"CEOofHMCTS",2023-04-27 05:57:13,TRUE,"1648373367559290880","1651465502651236353","783200087078043648","<a href=""https://mobile.twitter.com"" rel=""nofollow"">Twitter Web App</a>","bulliesinblue",0,FALSE,FALSE,NA,NA
"50","RT @Protect_BC: So is it really any surprise that hospitals, LTC and Assisted Living homes are seeing #COVID outbreaks? 
@Fraserhealth
H/T‚Ä¶",FALSE,0,NA,2023-04-27 05:56:50,FALSE,NA,"1651465406023094273",NA,"<a href=""https://mobile.twitter.com"" rel=""nofollow"">Twitter Web App</a>","SandyMDonald",4,TRUE,FALSE,NA,NA
"51","RT @SpectatorOz: 'Is this the way the #Covid vaccines end?' asks Rebecca Weisser.

This week, his brother Phil was one of over 500 people w‚Ä¶",FALSE,0,NA,2023-04-27 05:55:38,FALSE,NA,"1651465103886393345",NA,"<a href=""http://twitter.com/download/iphone"" rel=""nofollow"">Twitter for iPhone</a>","BaneUntamed",11,TRUE,FALSE,NA,NA
"52","RT @ellymelly: I notice that ZERO MSM and government-funded broadcasting entities have apologised for spreading wall-to-wall fake news and‚Ä¶",FALSE,0,NA,2023-04-27 05:55:07,FALSE,NA,"1651464974282424321",NA,"<a href=""http://twitter.com/#!/download/ipad"" rel=""nofollow"">Twitter for iPad</a>","grs177",59,TRUE,FALSE,NA,NA
"53","""Did decisionmakers consider the possibility that incentivizing hospitals to diagnose patients as having #Covid_19‚Ä¶ https://t.co/8rmMa7LHpO",FALSE,0,NA,2023-04-27 05:54:34,TRUE,NA,"1651464837564862464",NA,"<a href=""http://twitter.com/download/android"" rel=""nofollow"">Twitter for Android</a>","LucindaRhysEvan",0,FALSE,FALSE,NA,NA
"54","RT @BurnetInstitute: New #COVID-19 subvariant #Arcturus on the rise in Australia. @profmiketoole tells @abcnews there's no evidence this st‚Ä¶",FALSE,0,NA,2023-04-27 05:54:33,FALSE,NA,"1651464834167480320",NA,"<a href=""https://mobile.twitter.com"" rel=""nofollow"">Twitter Web App</a>","JonesHowdareyou",17,TRUE,FALSE,NA,NA
"55","RT @ellymelly: I notice that ZERO MSM and government-funded broadcasting entities have apologised for spreading wall-to-wall fake news and‚Ä¶",FALSE,0,NA,2023-04-27 05:54:31,FALSE,NA,"1651464822528315392",NA,"<a href=""http://twitter.com/#!/download/ipad"" rel=""nofollow"">Twitter for iPad</a>","kattrejones",59,TRUE,FALSE,NA,NA
"56","RT @BurnetInstitute: New #COVID-19 subvariant #Arcturus on the rise in Australia. @profmiketoole tells @abcnews there's no evidence this st‚Ä¶",FALSE,0,NA,2023-04-27 05:54:19,FALSE,NA,"1651464772809003008",NA,"<a href=""http://twitter.com/#!/download/ipad"" rel=""nofollow"">Twitter for iPad</a>","thatsnotmanners",17,TRUE,FALSE,NA,NA
"57","RT @PleaseDoTheMath: @DrNeenaJha If only we could have foreseen the damage our myopic #covid policies would inflict.
Except, we could - and‚Ä¶",FALSE,0,NA,2023-04-27 05:54:12,FALSE,NA,"1651464744501493761",NA,"<a href=""http://twitter.com/download/iphone"" rel=""nofollow"">Twitter for iPhone</a>","PleaseDoTheMath",1,TRUE,FALSE,NA,NA
"58","Because authoritarianism still doesn‚Äôt stop viruses..

#covid #covid19 #Arcturus #India #ffs https://t.co/XVJKv9nmwS",FALSE,0,"PaulRobEsq",2023-04-27 05:54:10,FALSE,"1647715980955594752","1651464734934196226","2323669226","<a href=""http://twitter.com/#!/download/ipad"" rel=""nofollow"">Twitter for iPad</a>","PaulRobEsq",0,FALSE,FALSE,NA,NA
"59","RT @DMCCAuthority: Abdalla Al Amri, Director of Ecommerce, @DP_World addresses the challenges from logistics faced by the global #tea indus‚Ä¶",FALSE,0,NA,2023-04-27 05:54:07,FALSE,NA,"1651464725270495236",NA,"<a href=""https://mobile.twitter.com"" rel=""nofollow"">Twitter Web App</a>","DUBUY_by_DPW",1,TRUE,FALSE,NA,NA
"60","RT @JP__75: Story on @ACurrentAffair9 tonight..

Fmd, have a listen to these people. Their brains are fried. 

Young guy says he‚Äôs getting‚Ä¶",FALSE,0,NA,2023-04-27 05:53:51,FALSE,NA,"1651464655838265346",NA,"<a href=""http://twitter.com/#!/download/ipad"" rel=""nofollow"">Twitter for iPad</a>","NolaMerry",45,TRUE,FALSE,NA,NA
"61","RT @BurnetInstitute: New #COVID-19 subvariant #Arcturus on the rise in Australia. @profmiketoole tells @abcnews there's no evidence this st‚Ä¶",FALSE,0,NA,2023-04-27 05:53:41,FALSE,NA,"1651464612959715328",NA,"<a href=""http://twitter.com/download/android"" rel=""nofollow"">Twitter for Android</a>","profmiketoole",17,TRUE,FALSE,NA,NA
"62","RT @litecoin_bull: LCB has friends In Australia.

Where Are Our Haters Who Laughed At Us. People Dying.

Australian Senator admits Covid wa‚Ä¶",FALSE,0,NA,2023-04-27 05:53:34,FALSE,NA,"1651464587156283392",NA,"<a href=""https://mobile.twitter.com"" rel=""nofollow"">Twitter Web App</a>","kimosaby",137,TRUE,FALSE,NA,NA
"63","RT @Jim_Jordan: Fauci wasn‚Äôt honest about #COVID. 

And Biden‚Äôs ATF director wants to take your guns. 

Americans are tired of unelected ‚Äúe‚Ä¶",FALSE,0,NA,2023-04-27 05:53:15,FALSE,NA,"1651464506101452800",NA,"<a href=""http://twitter.com/download/android"" rel=""nofollow"">Twitter for Android</a>","deannaparker912",1691,TRUE,FALSE,NA,NA
"64","RT @bambkb: üö®üö®üö®This lady claims that your life span is greatly reduced after #Covid #Vaccination üòû https://t.co/Oamfsoa5ZG",FALSE,0,NA,2023-04-27 05:52:09,FALSE,NA,"1651464229306638337",NA,"<a href=""https://mobile.twitter.com"" rel=""nofollow"">Twitter Web App</a>","SueAndr83745459",27,TRUE,FALSE,NA,NA
"65","RT @litecoin_bull: LCB has friends In Australia.

Where Are Our Haters Who Laughed At Us. People Dying.

Australian Senator admits Covid wa‚Ä¶",FALSE,0,NA,2023-04-27 05:52:04,FALSE,NA,"1651464209073336321",NA,"<a href=""https://mobile.twitter.com"" rel=""nofollow"">Twitter Web App</a>","frogpondRN",137,TRUE,FALSE,NA,NA
"66","RT @Jim_Jordan: Fauci wasn‚Äôt honest about #COVID. 

And Biden‚Äôs ATF director wants to take your guns. 

Americans are tired of unelected ‚Äúe‚Ä¶",FALSE,0,NA,2023-04-27 05:52:00,FALSE,NA,"1651464192229261313",NA,"<a href=""https://mobile.twitter.com"" rel=""nofollow"">Twitter Web App</a>","CarolHu77737144",1691,TRUE,FALSE,NA,NA
"67","RT @flairforstyle: This musical artist sheds light on the inhumane conditions and human suffering that took place in nursing homes during t‚Ä¶",FALSE,0,NA,2023-04-27 05:51:39,FALSE,NA,"1651464102403887105",NA,"<a href=""http://twitter.com/download/android"" rel=""nofollow"">Twitter for Android</a>","A_R_TforPEACE",102,TRUE,FALSE,NA,NA
"68","RT @ellymelly: I notice that ZERO MSM and government-funded broadcasting entities have apologised for spreading wall-to-wall fake news and‚Ä¶",FALSE,0,NA,2023-04-27 05:50:56,FALSE,NA,"1651463922300633088",NA,"<a href=""https://mobile.twitter.com"" rel=""nofollow"">Twitter Web App</a>","ChezWWG1WGA",59,TRUE,FALSE,NA,NA
"69","RT @SpectatorOz: 'Is this the way the #Covid vaccines end?' asks Rebecca Weisser.

This week, his brother Phil was one of over 500 people w‚Ä¶",FALSE,0,NA,2023-04-27 05:50:47,FALSE,NA,"1651463885776646145",NA,"<a href=""https://mobile.twitter.com"" rel=""nofollow"">Twitter Web App</a>","Greg21143362",11,TRUE,FALSE,NA,NA
"70","RT @LongCovidHell: ""We were surprised to observe such a decline in vascular health, which deteriorated even further with time since Covid-1‚Ä¶",FALSE,0,NA,2023-04-27 05:50:22,FALSE,NA,"1651463780453216256",NA,"<a href=""https://mobile.twitter.com"" rel=""nofollow"">Twitter Web App</a>","Labourdave",88,TRUE,FALSE,NA,NA
"71","‚ÄúWe would like to remind inbound and outbound travelers to look after their health in the run-up to their departure‚Ä¶ https://t.co/hHtDCqISI9",FALSE,0,"Chinar07229978",2023-04-27 05:50:09,TRUE,"1651463722253303808","1651463725705216000","1480870711606464513","<a href=""https://mobile.twitter.com"" rel=""nofollow"">Twitter Web App</a>","Chinar07229978",0,FALSE,FALSE,NA,NA
"72","RT @SpectatorOz: 'Is this the way the #Covid vaccines end?' asks Rebecca Weisser.

This week, his brother Phil was one of over 500 people w‚Ä¶",FALSE,0,NA,2023-04-27 05:50:00,FALSE,NA,"1651463686295367680",NA,"<a href=""http://twitter.com/download/iphone"" rel=""nofollow"">Twitter for iPhone</a>","parrotfan",11,TRUE,FALSE,NA,NA
"73","RT @bambkb: üö®üö®üö® üá∫üá∏ USA DMED database shows DISTURBING increases in morbidity after #Covid #Vaccine uptake :

Myocarditis 2800%

Various can‚Ä¶",FALSE,0,NA,2023-04-27 05:49:18,FALSE,NA,"1651463513129328641",NA,"<a href=""http://twitter.com/download/android"" rel=""nofollow"">Twitter for Android</a>","CatherineHealer",184,TRUE,FALSE,NA,NA
"74","RT @litecoin_bull: LCB has friends In Australia.

Where Are Our Haters Who Laughed At Us. People Dying.

Australian Senator admits Covid wa‚Ä¶",FALSE,0,NA,2023-04-27 05:48:56,FALSE,NA,"1651463418371506176",NA,"<a href=""http://twitter.com/download/iphone"" rel=""nofollow"">Twitter for iPhone</a>","fairclare57",137,TRUE,FALSE,NA,NA
"75","@BuenoForMiami Created the #covid vaccine and tests, which very likely had kept my immune compromised spouse alive",FALSE,0,"BuenoForMiami",2023-04-27 05:48:07,FALSE,"1651342620784746496","1651463215522668544","829443865065185281","<a href=""https://mobile.twitter.com"" rel=""nofollow"">Twitter Web App</a>","CrispinCowan0",0,FALSE,FALSE,NA,NA
"76","RT @Jim_Jordan: Fauci wasn‚Äôt honest about #COVID. 

And Biden‚Äôs ATF director wants to take your guns. 

Americans are tired of unelected ‚Äúe‚Ä¶",FALSE,0,NA,2023-04-27 05:47:58,FALSE,NA,"1651463174745636864",NA,"<a href=""http://twitter.com/#!/download/ipad"" rel=""nofollow"">Twitter for iPad</a>","JoannaLofaso",1691,TRUE,FALSE,NA,NA
"77","I got really annoyed listening to the Chinese women on @GMB talking about her culture having respect for their pare‚Ä¶ https://t.co/lOvtDLQ2Ul",FALSE,1,NA,2023-04-27 05:47:36,TRUE,NA,"1651463084630851585",NA,"<a href=""http://twitter.com/#!/download/ipad"" rel=""nofollow"">Twitter for iPad</a>","tammilne61",0,FALSE,FALSE,NA,NA
"78","RT @bambkb: üö®üö®üö® üá∫üá∏ USA DMED database shows DISTURBING increases in morbidity after #Covid #Vaccine uptake :

Myocarditis 2800%

Various can‚Ä¶",FALSE,0,NA,2023-04-27 05:47:32,FALSE,NA,"1651463066934976512",NA,"<a href=""https://mobile.twitter.com"" rel=""nofollow"">Twitter Web App</a>","sostechsyahooc1",184,TRUE,FALSE,NA,NA
"79","RT @LongCovidHell: ‚ÄúChildren with multisystem inflammatory syndrome #MISC - a condition linked with the virus that causes #COVID19 - have b‚Ä¶",FALSE,0,NA,2023-04-27 05:47:28,FALSE,NA,"1651463051672006656",NA,"<a href=""http://twitter.com/download/android"" rel=""nofollow"">Twitter for Android</a>","mayodweller",14,TRUE,FALSE,NA,NA
"80","RT @litecoin_bull: LCB has friends In Australia.

Where Are Our Haters Who Laughed At Us. People Dying.

Australian Senator admits Covid wa‚Ä¶",FALSE,0,NA,2023-04-27 05:47:24,FALSE,NA,"1651463032793444352",NA,"<a href=""https://mobile.twitter.com"" rel=""nofollow"">Twitter Web App</a>","holdtheline1111",137,TRUE,FALSE,NA,NA
"81","RT @litecoin_bull: LCB has friends In Australia.

Where Are Our Haters Who Laughed At Us. People Dying.

Australian Senator admits Covid wa‚Ä¶",FALSE,0,NA,2023-04-27 05:47:16,FALSE,NA,"1651463001071927298",NA,"<a href=""https://mobile.twitter.com"" rel=""nofollow"">Twitter Web App</a>","PaavoKuronen",137,TRUE,FALSE,NA,NA
"82","RT @Rob_Roos: üö® BREAKING:

In COVID hearing, #Pfizer director admits: #vaccine was never tested on preventing transmission.

""Get vaccinate‚Ä¶",FALSE,0,NA,2023-04-27 05:46:23,FALSE,NA,"1651462775913455623",NA,"<a href=""https://mobile.twitter.com"" rel=""nofollow"">Twitter Web App</a>","Time4Divorce",148726,TRUE,FALSE,NA,NA
"83","RT @litecoin_bull: LCB has friends In Australia.

Where Are Our Haters Who Laughed At Us. People Dying.

Australian Senator admits Covid wa‚Ä¶",FALSE,0,NA,2023-04-27 05:45:54,FALSE,NA,"1651462655650168834",NA,"<a href=""https://mobile.twitter.com"" rel=""nofollow"">Twitter Web App</a>","litecoin_bull",137,TRUE,FALSE,NA,NA
"84","RT @bambkb: üö®üö®üö® üá∫üá∏ USA DMED database shows DISTURBING increases in morbidity after #Covid #Vaccine uptake :

Myocarditis 2800%

Various can‚Ä¶",FALSE,0,NA,2023-04-27 05:45:11,FALSE,NA,"1651462474586095618",NA,"<a href=""http://twitter.com/download/iphone"" rel=""nofollow"">Twitter for iPhone</a>","burningdodo",184,TRUE,FALSE,NA,NA
"85","RT @lunali32972904: „Ää #ÈÅøÈ£éÊ∏Ø Haven„Äã(185)
2023-4-4
 
#Áñ´ËãóÂä†Âº∫ÈíàÊØÅÊéâ‰∫Ü‰∏Ä‰ΩçÂÅ•Â∫∑ÁöÑÂπ¥ËΩª‰∫∫
#COVID #booster #vaccine destroyed the life of a healthy young man http‚Ä¶",FALSE,0,NA,2023-04-27 05:43:52,FALSE,NA,"1651462142040711169",NA,"<a href=""https://mobile.twitter.com"" rel=""nofollow"">Twitter Web App</a>","YubaiGe",2,TRUE,FALSE,NA,NA
"86","RT @LongCovidHell: ""We were surprised to observe such a decline in vascular health, which deteriorated even further with time since Covid-1‚Ä¶",FALSE,0,NA,2023-04-27 05:43:34,FALSE,NA,"1651462067067686912",NA,"<a href=""https://mobile.twitter.com"" rel=""nofollow"">Twitter Web App</a>","happyhexer",88,TRUE,FALSE,NA,NA
"87","RT @bambkb: üö®üö®üö® üá∫üá∏ USA DMED database shows DISTURBING increases in morbidity after #Covid #Vaccine uptake :

Myocarditis 2800%

Various can‚Ä¶",FALSE,0,NA,2023-04-27 05:43:21,FALSE,NA,"1651462012373958657",NA,"<a href=""http://twitter.com/download/android"" rel=""nofollow"">Twitter for Android</a>","joaquin369_",184,TRUE,FALSE,NA,NA
"88","RT @Jim_Jordan: Fauci wasn‚Äôt honest about #COVID. 

And Biden‚Äôs ATF director wants to take your guns. 

Americans are tired of unelected ‚Äúe‚Ä¶",FALSE,0,NA,2023-04-27 05:42:54,FALSE,NA,"1651461900239093761",NA,"<a href=""https://mobile.twitter.com"" rel=""nofollow"">Twitter Web App</a>","chantalcrmr57",1691,TRUE,FALSE,NA,NA
"89","RT @bambkb: üö®üö®üö® üá∫üá∏ USA DMED database shows DISTURBING increases in morbidity after #Covid #Vaccine uptake :

Myocarditis 2800%

Various can‚Ä¶",FALSE,0,NA,2023-04-27 05:42:51,FALSE,NA,"1651461886808817664",NA,"<a href=""http://twitter.com/download/iphone"" rel=""nofollow"">Twitter for iPhone</a>","CounsellMitch",184,TRUE,FALSE,NA,NA
"90","RT @FardiinFahad: Scientists discover an antibody that could neutralize all #Covid variants. https://t.co/WCQh8L8kAe",FALSE,0,NA,2023-04-27 05:42:28,FALSE,NA,"1651461793594630145",NA,"<a href=""http://twitter.com/download/iphone"" rel=""nofollow"">Twitter for iPhone</a>","Germaine313",5,TRUE,FALSE,NA,NA
"91","@StevenBeschloss Biden is better than GOP candidates, but he lacks a LOT of competence &amp; empathy in handling #COVID‚Ä¶ https://t.co/86p45t1TLl",FALSE,0,"StevenBeschloss",2023-04-27 05:41:13,TRUE,"1651401016942956544","1651461477969145857","81741855","<a href=""https://mobile.twitter.com"" rel=""nofollow"">Twitter Web App</a>","ellearee",0,FALSE,FALSE,NA,NA
"92","RT @deutsch365: üõëüõëü¶†ü¶†

#Covid ‚Ä¶.. alles Theater ??? https://t.co/asUxPbeimA",FALSE,0,NA,2023-04-27 05:41:00,FALSE,NA,"1651461421769666561",NA,"<a href=""http://twitter.com/download/android"" rel=""nofollow"">Twitter for Android</a>","corneli74904158",5,TRUE,FALSE,NA,NA
"93","RT @Jim_Jordan: Fauci wasn‚Äôt honest about #COVID. 

And Biden‚Äôs ATF director wants to take your guns. 

Americans are tired of unelected ‚Äúe‚Ä¶",FALSE,0,NA,2023-04-27 05:40:47,FALSE,NA,"1651461370154479616",NA,"<a href=""http://twitter.com/download/android"" rel=""nofollow"">Twitter for Android</a>","lorytarver",1691,TRUE,FALSE,NA,NA
"94","RT @VivianCreekmore: The treason is thick in #Wisconsin.
Is there one honest #Republican?
@wisgop --
‚úîÔ∏èPushed #TheBigLie 
‚úîÔ∏èPressured VP Pe‚Ä¶",FALSE,0,NA,2023-04-27 05:40:38,FALSE,NA,"1651461331235618817",NA,"<a href=""https://mobile.twitter.com"" rel=""nofollow"">Twitter Web App</a>","RioHerring",25,TRUE,FALSE,NA,NA
"95","RT @SpectatorOz: 'Is this the way the #Covid vaccines end?' asks Rebecca Weisser.

This week, his brother Phil was one of over 500 people w‚Ä¶",FALSE,0,NA,2023-04-27 05:40:36,FALSE,NA,"1651461322033483781",NA,"<a href=""https://mobile.twitter.com"" rel=""nofollow"">Twitter Web App</a>","ellymelly",11,TRUE,FALSE,NA,NA
"96","Seriously, if someone is still denying that #COVID infection causes immune dysfunction, you really don't want to be‚Ä¶ https://t.co/yUIf5I43Si",FALSE,0,NA,2023-04-27 05:40:11,TRUE,NA,"1651461217989345280",NA,"<a href=""https://mobile.twitter.com"" rel=""nofollow"">Twitter Web App</a>","LC_UK_Action",0,FALSE,FALSE,NA,NA
"97","RT @SpectatorOz: 'Is this the way the #Covid vaccines end?' asks Rebecca Weisser.

This week, his brother Phil was one of over 500 people w‚Ä¶",FALSE,0,NA,2023-04-27 05:39:53,FALSE,NA,"1651461142240456705",NA,"<a href=""http://twitter.com/download/iphone"" rel=""nofollow"">Twitter for iPhone</a>","JadedJourney",11,TRUE,FALSE,NA,NA
"98","Arcturus or XBB.1.16: What makes it an interesting COVID-19 Variant for WHO?

Read More: https://t.co/xIAWHUaBBL‚Ä¶ https://t.co/aT0VKrdxoF",FALSE,2,NA,2023-04-27 05:39:47,TRUE,NA,"1651461118274183168",NA,"<a href=""https://mobile.twitter.com"" rel=""nofollow"">Twitter Web App</a>","blrmagazine",0,FALSE,FALSE,NA,NA
"99","RT @deutsch365: üõëüõëü¶†ü¶†

#Covid ‚Ä¶.. alles Theater ??? https://t.co/asUxPbeimA",FALSE,0,NA,2023-04-27 05:39:36,FALSE,NA,"1651461071444627456",NA,"<a href=""http://twitter.com/download/android"" rel=""nofollow"">Twitter for Android</a>","MichaelKalke2",5,TRUE,FALSE,NA,NA
"100","RT @JP__75: Monash (BDI), the Doherty Institute with Uni of Melb &amp; The Royal Melb Hospital were the first to study ivermectin as a  treatme‚Ä¶",FALSE,0,NA,2023-04-27 05:39:12,FALSE,NA,"1651460971410653185",NA,"<a href=""http://twitter.com/download/iphone"" rel=""nofollow"">Twitter for iPhone</a>","Gvozdenac71",20,TRUE,FALSE,NA,NA
